{"H2_prs_norm": 0.1543260334598664, "H2_z": 439, "H2_prs_bar": 25.6, "H2O_prs_norm": 0.0413033261391732, "H2O_z": 104, "H2O_prs_bar": 0.1, "CO2_prs_norm": 0.07916010670164493, "CO2_z": 32, "CO2_prs_bar": 18.3, "CH4_prs_norm": 0.03514386707367057, "CH4_z": 196, "CH4_prs_bar": 8.4, "O2_prs_norm": 0.19666584724990513, "O2_z": 18, "O2_prs_bar": 47.1, "N2_prs_norm": 0.44838186529658725, "N2_z": 10, "N2_prs_bar": 107.3, "CO_prs_norm": 0.36416676544622106, "CO_z": 13, "CO_prs_bar": 86.9}